{"checksum": "742ff503a13eaf23ef7b32e5f0da9973", "version": 1, "pkg": {"trash-images\\1467733857492.png": "*new*", "images\\friends.png": "*new*", "images\\loginButton-bak.png": "*new*", "lib\\mysql\\src\\testsuite\\simple\\TestLifecycleInterceptor.java": "*new*", "lib\\mysql\\src\\testsuite\\simple\\CallableStatementTest.java": "*new*", "lib\\mysql\\src\\com\\mysql\\jdbc\\profiler\\ProfilerEvent.java": "*new*", "images\\fanpage\\Bleacher_Report.png": "*new*", "lib\\mysql\\src\\com\\mysql\\jdbc\\jdbc2\\optional\\JDBC42CallableStatementWrapper.java": "*new*", "images\\viewMoreComments.png": "*new*", "images\\fanpage\\BoingBoing.png": "*new*", "images\\fanpage\\Humans_of_Tumblr.png": "*new*", "lib\\mysql\\src\\com\\mysql\\jdbc\\integration\\jboss\\ExtendedMysqlExceptionSorter.java": "*new*", "lib\\mysql\\src\\testsuite\\ssl-test-certs\\mykey.pem": "*new*", "lib\\mysql\\src\\com\\mysql\\fabric\\xmlrpc\\base\\MethodResponse.java": "*new*", "lib\\mysql\\src\\com\\mysql\\fabric\\hibernate\\FabricMultiTenantConnectionProvider.java": "*new*", "images\\fanpage\\Funny_Videos_by_Diply.png": "*new*", "lib\\mysql\\src\\com\\mysql\\jdbc\\Connection.java": "*new*", "images\\fanpage\\MTV.png": "*new*", "lib\\mysql\\src\\com\\mysql\\jdbc\\PerVmServerConfigCacheFactory.java": "*new*", "lib\\mysql\\src\\demo\\fabric\\Employee.java": "*new*", "lib\\mysql\\src\\testsuite\\regression\\jdbc4\\ExceptionSubclassesTest.java": "*new*", "images\\old\\emailTextbox.png": "*new*", "trash-images\\1465613214784.png": "*new*", "lib\\mysql\\src\\com\\mysql\\fabric\\xmlrpc\\base\\Struct.java": "*new*", "lib\\mysql\\src\\com\\mysql\\jdbc\\LoadBalancedConnectionProxy.java": "*new*", "images\\fanpage\\buzzFeed.png": "*new*", "lib\\mysql\\src\\com\\mysql\\jdbc\\JDBC4ClientInfoProviderSP.java": "*new*", "lib\\mysql\\src\\com\\mysql\\jdbc\\Security.java": "*new*", "lib\\mysql\\src\\testsuite\\simple\\jdbc42\\StatementsTest.java": "*new*", "images\\fanpage\\INSIDER_design.png": "*new*", "trash-images\\1467735897753.png": "*new*", "globalvariable$py.class": "*new*", "images\\trending.png": "*new*", "trash-images\\1466520867744.png": "*new*", "trash-images\\1469420836761.png": "*new*", "images\\emailTextbox.png": "*new*", "lib\\mysql\\src\\com\\mysql\\jdbc\\jdbc2\\optional\\MysqlXADataSource.java": "*new*", "images\\addPhoneNumber.png": "*new*", "lib\\mysql\\src\\testsuite\\regression\\jdbc42\\StatementRegressionTest.java": "*new*", "lib\\mysql\\src\\com\\mysql\\jdbc\\LicenseConfiguration.java": "*new*", "trash-images\\1466519783126.png": "*new*", "lib\\mysql\\src\\com\\mysql\\fabric\\Response.java": "*new*", "lib\\mysql\\src\\com\\mysql\\jdbc\\ConnectionLifecycleInterceptor.java": "*new*", "lib\\mysql\\src\\com\\mysql\\jdbc\\JDBC4ServerPreparedStatement.java": "*new*", "trash-images\\1468820497159.png": "*new*", "lib\\mysql\\src\\demo\\fabric\\EmployeesDataSource.java": "*new*", "trash-images\\1469423942745.png": "*new*", "images\\fanpage\\PizzaBottle.png": "*new*", "trash-images\\1466609110563.png": "*new*", "lib\\mysql\\src\\testsuite\\simple\\MetadataTest.java": "*new*", "lib\\mysql\\src\\com\\mysql\\jdbc\\JDBC4PreparedStatement.java": "*new*", "lib\\mysql\\src\\com\\mysql\\jdbc\\exceptions\\MySQLIntegrityConstraintViolationException.java": "*new*", "lib\\mysql\\src\\lib\\c3p0-0.9.1-pre6.jar": "*new*", "lib\\mysql\\src\\com\\mysql\\jdbc\\CompressedInputStream.java": "*new*", "lib\\mysql\\src\\testsuite\\ssl-test-certs\\ca-key.pem": "*new*", "lib\\mysql\\src\\lib\\jboss-common-jdbc-wrapper-src.jar": "*new*", "trash-images\\1466525485382.png": "*new*", "trash-images\\searchBar-2.png": "*new*", "lib\\mysql\\docs\\README.txt": "*new*", "trash-images\\approvedPage.png": "*new*", "images\\savePass.png": "*new*", "lib\\mysql\\src\\com\\mysql\\jdbc\\Blob.java": "*new*", "images\\fanpage\\NBC_7_San_Diego.png": "*new*", "lib\\mysql\\src\\com\\mysql\\jdbc\\Messages.java": "*new*", "images\\fanpage\\Text_Message_Fails.png": "*new*", "lib\\mysql\\src\\testsuite\\BaseStatementInterceptor.java": "*new*", "images\\Firefox\\rememberPopup.png": "*new*", "lib\\mysql\\src\\testsuite\\simple\\SimpleTransformer.java": "*new*", "images\\fanpage\\So_You_Think_You_Can_Dance.png": "*new*", "images\\notif.png": "*new*", "images\\postButton-win7.png": "*new*", "images\\fanpage\\George_Lopez.png": "*new*", "lib\\mysql\\src\\com\\mysql\\jdbc\\JDBC4ResultSet.java": "*new*", "lib\\mysql\\src\\com\\mysql\\jdbc\\NotImplemented.java": "*new*", "lib\\mysql\\src\\com\\mysql\\fabric\\jdbc\\FabricMySQLConnection.java": "*new*", "images\\logout.png": "*new*", "trash-images\\1465396910596.png": "*new*", "lib\\mysql\\src\\com\\mysql\\fabric\\ShardMappingFactory.java": "*new*", "images\\fanpage\\Daily_Mail.png": "*new*", "images\\fanpage\\mashable.png": "*new*", "lib\\mysql\\src\\com\\mysql\\jdbc\\interceptors\\ResultSetScannerInterceptor.java": "*new*", "images\\fanpage\\WIRED.png": "*new*", "lib\\mysql\\src\\com\\mysql\\jdbc\\jdbc2\\optional\\JDBC4PreparedStatementWrapper.java": "*new*", "images\\fanpage\\I_fucking_love_science.png": "*new*", "lib\\mysql\\src\\com\\mysql\\jdbc\\LoadBalancedAutoCommitInterceptor.java": "*new*", "lib\\mysql\\src\\com\\mysql\\jdbc\\DatabaseMetaData.java": "*new*", "lib\\mysql\\src\\com\\mysql\\jdbc\\JDBC4LoadBalancedMySQLConnection.java": "*new*", "lib\\mysql\\src\\com\\mysql\\jdbc\\JDBC4NClob.java": "*new*", "csv\\fanpage.csv": "*new*", "lib\\mysql\\src\\com\\mysql\\jdbc\\RandomBalanceStrategy.java": "*new*", "lib\\mysql\\src\\com\\mysql\\jdbc\\WriterWatcher.java": "*new*", "lib\\mysql\\src\\com\\mysql\\jdbc\\interceptors\\ServerStatusDiffInterceptor.java": "*new*", "images\\fanpage\\Complex_Sports.png": "*new*", "lib\\mysql\\src\\com\\mysql\\jdbc\\MultiHostMySQLConnection.java": "*new*", "images\\fanpage\\VICE_News.png": "*new*", "images\\securitycheck.png": "*new*", "images\\fanpage\\Buzzfeed_Video.png": "*new*", "lib\\mysql\\src\\com\\mysql\\fabric\\RangeShardMapping.java": "*new*", "lib\\mysql\\src\\com\\mysql\\jdbc\\DocsConnectionPropsHelper.java": "*new*", "lib\\mysql\\src\\testsuite\\simple\\UtilsTest.java": "*new*", "lib\\mysql\\src\\com\\mysql\\jdbc\\NotUpdatable.java": "*new*", "images\\fanpage\\College_Humor.png": "*new*", "lib\\mysql\\src\\com\\mysql\\jdbc\\jdbc2\\optional\\MysqlXAConnection.java": "*new*", "lib\\mysql\\COPYING": "*new*", "trash-images\\1465916645829.png": "*new*", "lib\\mysql\\src\\com\\mysql\\jdbc\\RowDataDynamic.java": "*new*", "images\\fanpage\\Diply.png": "*new*", "images\\fanpage\\What_The_F_Facts_by_Diply.png": "*new*", "lib\\mysql\\src\\com\\mysql\\jdbc\\MysqlIO.java": "*new*", "lib\\mysql\\src\\com\\mysql\\jdbc\\jdbc2\\optional\\StatementWrapper.java": "*new*", "lib\\mysql\\src\\com\\mysql\\fabric\\xmlrpc\\base\\Member.java": "*new*", "lib\\mysql\\src\\com\\mysql\\fabric\\jdbc\\ErrorReportingExceptionInterceptor.java": "*new*", "lib\\mysql\\src\\com\\mysql\\jdbc\\exceptions\\MySQLNonTransientException.java": "*new*", "images\\fanpage\\Ebaums_World.png": "*new*", "lib\\mysql\\src\\com\\mysql\\jdbc\\Constants.java": "*new*", "lib\\mysql\\src\\com\\mysql\\jdbc\\JDBC4ClientInfoProvider.java": "*new*", "lib\\mysql\\src\\com\\mysql\\jdbc\\IterateBlock.java": "*new*", "images\\passwordTextbox2.png": "*new*", "lib\\mysql\\src\\com\\mysql\\jdbc\\jmx\\LoadBalanceConnectionGroupManagerMBean.java": "*new*", "trash-images\\1466524071165.png": "*new*", "trash-images\\1466523378188.png": "*new*", "csv\\fanpage-test.csv": "*new*", "lib\\mysql\\src\\com\\mysql\\fabric\\proto\\xmlrpc\\InternalXmlRpcMethodCaller.java": "*new*", "lib\\mysql\\src\\com\\mysql\\jdbc\\JDBC4DatabaseMetaDataUsingInfoSchema.java": "*new*", "images\\fanpage\\The_Sun_Video.png": "*new*", "trash-images\\1468843387474.png": "*new*", "lib\\mysql\\src\\com\\mysql\\jdbc\\StandardSocketFactory.java": "*new*", "lib\\mysql\\src\\com\\mysql\\fabric\\FabricConnection.java": "*new*", "images\\write-comment.png": "*new*", "lib\\mysql\\src\\com\\mysql\\jdbc\\integration\\c3p0\\MysqlConnectionTester.java": "*new*", "images\\findFriends.png": "*new*", "lib\\mysql\\src\\testsuite\\ssl-test-certs\\server-req.pem": "*new*", "lib\\mysql\\src\\com\\mysql\\jdbc\\ConnectionPropertiesTransform.java": "*new*", "lib\\mysql\\src\\com\\mysql\\jdbc\\util\\ResultSetUtil.java": "*new*", "images\\aboutClose.png": "*new*", "lib\\mysql\\src\\com\\mysql\\jdbc\\jdbc2\\optional\\CallableStatementWrapper.java": "*new*", "lib\\mysql\\src\\com\\mysql\\jdbc\\jdbc2\\optional\\JDBC4MysqlPooledConnection.java": "*new*", "trash-images\\1466523965458.png": "*new*", "images\\fanpage\\Comedy_Central.png": "*new*", "images\\fanpage\\The_Daily_Show.png": "*new*", "lib\\mysql\\src\\com\\mysql\\jdbc\\util\\LRUCache.java": "*new*", "trash-images\\1465914190915.png": "*new*", "trash-images\\1468843906124.png": "*new*", "lib\\mysql\\src\\com\\mysql\\jdbc\\exceptions\\MySQLTimeoutException.java": "*new*", "lib\\mysql\\src\\com\\mysql\\fabric\\FabricStateResponse.java": "*new*", "images\\fanpage\\techcrunch.png": "*new*", "lib\\mysql\\src\\com\\mysql\\jdbc\\V1toV2StatementInterceptorAdapter.java": "*new*", "lib\\mysql\\src\\com\\mysql\\jdbc\\ExportControlled.java": "*new*", "images\\fanpage\\Guy_Code.png": "*new*", "lib\\mysql\\src\\testsuite\\perf\\RetrievalPerfTest.java": "*new*", "images\\fanpage\\Complex.png": "*new*", "images\\likeComments.png": "*new*", "lib\\mysql\\src\\com\\mysql\\jdbc\\OutputStreamWatcher.java": "*new*", "lib\\mysql\\src\\com\\mysql\\jdbc\\ResultSetInternalMethods.java": "*new*", "lib\\mysql\\src\\com\\mysql\\jdbc\\SocksProxySocketFactory.java": "*new*", "lib\\mysql\\src\\com\\mysql\\fabric\\proto\\xmlrpc\\ResultSetParser.java": "*new*", "images\\fanpage\\Playbuzz.png": "*new*", "lib\\mysql\\src\\testsuite\\regression\\MetaDataRegressionTest.java": "*new*", "lib\\mysql\\src\\com\\mysql\\fabric\\Server.java": "*new*", "lib\\mysql\\src\\com\\mysql\\jdbc\\JDBC4PreparedStatementHelper.java": "*new*", "lib\\mysql\\src\\com\\mysql\\jdbc\\util\\Base64Decoder.java": "*new*", "lib\\mysql\\src\\testsuite\\regression\\EscapeProcessorRegressionTest.java": "*new*", "trash-images\\1466612585585.png": "*new*", "lib\\mysql\\src\\testsuite\\regression\\UtilsRegressionTest.java": "*new*", "lib\\mysql\\src\\com\\mysql\\jdbc\\Clob.java": "*new*", "images\\fanpage\\Upworthy_Video.png": "*new*", "lib\\mysql\\docs\\connector-j.html": "*new*", "lib\\mysql\\src\\com\\mysql\\jdbc\\ExceptionInterceptor.java": "*new*", "lib\\mysql\\mysql-connector-java-5.1.39-bin.jar": "*new*", "lib\\mysql\\src\\testsuite\\ssl-test-certs\\ca-cert.pem": "*new*", "trash-images\\1466012213675.png": "*new*", "images\\Firefox\\fanPageLikeButton.png": "*new*", "lib\\mysql\\src\\com\\mysql\\jdbc\\RowDataCursor.java": "*new*", "lib\\mysql\\src\\testsuite\\simple\\EscapeProcessingTest.java": "*new*", "lib\\mysql\\src\\com\\mysql\\jdbc\\log\\LogFactory.java": "*new*", "images\\fanpage\\The_Nostialgic_90.png": "*new*", "lib\\mysql\\src\\com\\mysql\\jdbc\\BestResponseTimeBalanceStrategy.java": "*new*", "lib\\mysql\\src\\org\\gjt\\mm\\mysql\\Driver.java": "*new*", "lib\\mysql\\src\\com\\mysql\\jdbc\\AbandonedConnectionCleanupThread.java": "*new*", "lib\\mysql\\src\\testsuite\\regression\\BlobRegressionTest.java": "*new*", "lib\\mysql\\src\\com\\mysql\\jdbc\\JDBC4Connection.java": "*new*", "lib\\mysql\\src\\testsuite\\regression\\CallableStatementRegressionTest.java": "*new*", "lib\\mysql\\src\\com\\mysql\\jdbc\\ByteArrayRow.java": "*new*", "lib\\mysql\\src\\com\\mysql\\jdbc\\ProfilerEventHandlerFactory.java": "*new*", "lib\\mysql\\src\\com\\mysql\\jdbc\\Statement.java": "*new*", "lib\\mysql\\src\\com\\mysql\\jdbc\\ReplicationConnectionGroup.java": "*new*", "images\\searchBar2.png": "*new*", "trash-images\\1469425585546.png": "*new*", "lib\\mysql\\src\\com\\mysql\\jdbc\\RowDataStatic.java": "*new*", "trash-images\\1465833649975.png": "*new*", "lib\\mysql\\src\\com\\mysql\\jdbc\\BalanceStrategy.java": "*new*", "images\\fanpage\\Aww_House.png": "*new*", "images\\loginLogo.png": "*new*", "lib\\mysql\\src\\com\\mysql\\jdbc\\jdbc2\\optional\\JDBC4SuspendableXAConnection.java": "*new*", "lib\\mysql\\src\\com\\mysql\\fabric\\xmlrpc\\base\\ResponseParser.java": "*new*", "lib\\mysql\\src\\testsuite\\regression\\CharsetRegressionTest.java": "*new*", "lib\\mysql\\src\\com\\mysql\\jdbc\\CachedResultSetMetaData.java": "*new*", "images\\sports.png": "*new*", "images\\fanpage\\Your_Tango.png": "*new*", "images\\fanpage\\Nailed_It.png": "*new*", "lib\\mysql\\src\\testsuite\\simple\\TransactionTest.java": "*new*", "lib\\mysql\\src\\testsuite\\simple\\SplitDBdotNameTest.java": "*new*", "lib\\mysql\\src\\testsuite\\regression\\StatementRegressionTest.java": "*new*", "lib\\mysql\\src\\com\\mysql\\jdbc\\LoadBalancedConnection.java": "*new*", "lib\\mysql\\src\\com\\mysql\\jdbc\\NoSubInterceptorWrapper.java": "*new*", "lib\\mysql\\src\\testsuite\\simple\\XATest.java": "*new*", "lib\\mysql\\src\\com\\mysql\\jdbc\\EscapeProcessor.java": "*new*", "lib\\mysql\\CHANGES": "*new*", "lib\\mysql\\src\\com\\mysql\\jdbc\\exceptions\\jdbc4\\MySQLNonTransientException.java": "*new*", "images\\fanpage\\AwesomeJelly.png": "*new*", "images\\fanpage\\Philip_DeFranco.png": "*new*", "images\\approvedPage.png": "*new*", "images\\sharePostButton.png": "*new*", "images\\loginFbLogo.png": "*new*", "images\\fanpage\\INSIDER.png": "*new*", "images\\fanpage\\theCHIVE.png": "*new*", "lib\\mysql\\src\\com\\mysql\\jdbc\\exceptions\\MySQLQueryInterruptedException.java": "*new*", "lib\\mysql\\src\\com\\mysql\\fabric\\jdbc\\FabricMySQLConnectionProxy.java": "*new*", "lib\\mysql\\src\\lib\\c3p0-0.9.1-pre6.src.zip": "*new*", "lib\\mysql\\src\\testsuite\\simple\\tb2-data.txt.gz": "*new*", "lib\\mysql\\src\\com\\mysql\\jdbc\\log\\StandardLogger.java": "*new*", "lib\\mysql\\src\\com\\mysql\\fabric\\jdbc\\JDBC4FabricMySQLConnection.java": "*new*", "trash-images\\1465834584667.png": "*new*", "lib\\mysql\\src\\testsuite\\simple\\jdbc42\\ResultSetTest.java": "*new*", "lib\\mysql\\src\\com\\mysql\\jdbc\\configs\\coldFusion.properties": "*new*", "lib\\mysql\\src\\com\\mysql\\jdbc\\jmx\\LoadBalanceConnectionGroupManager.java": "*new*", "lib\\mysql\\src\\com\\mysql\\jdbc\\CacheAdapterFactory.java": "*new*", "lib\\mysql\\src\\testsuite\\simple\\MultiHostConnectionTest.java": "*new*", "trash-images\\1467210845703.png": "*new*", "images\\notifAlert2.png": "*new*", "images\\fanpage\\VICE.png": "*new*", "lib\\mysql\\src\\com\\mysql\\fabric\\jdbc\\FabricMySQLConnectionProperties.java": "*new*", "images\\fanpage\\Upworthy.png": "*new*", "lib\\mysql\\src\\com\\mysql\\jdbc\\exceptions\\MySQLStatementCancelledException.java": "*new*", "lib\\mysql\\src\\com\\mysql\\jdbc\\JDBC42ResultSet.java": "*new*", "lib\\mysql\\src\\testsuite\\fabric\\SetupFabricTestsuite.java": "*new*", "lib\\mysql\\src\\com\\mysql\\jdbc\\ParameterBindings.java": "*new*", "trash-images\\loginLogo-1.png": "*new*", "lib\\mysql\\src\\com\\mysql\\jdbc\\interceptors\\SessionAssociationInterceptor.java": "*new*", "lib\\mysql\\src\\com\\mysql\\jdbc\\PingTarget.java": "*new*", "lib\\mysql\\src\\com\\mysql\\jdbc\\jdbc2\\optional\\ConnectionWrapper.java": "*new*", "images\\loginButton.png": "*new*", "lib\\mysql\\src\\lib\\slf4j-api-1.6.1.jar": "*new*", "lib\\mysql\\src\\testsuite\\simple\\StatementsTest.java": "*new*", "lib\\mysql\\src\\com\\mysql\\jdbc\\JDBC4MysqlSQLXML.java": "*new*", "lib\\mysql\\src\\testsuite\\regression\\DataSourceRegressionTest.java": "*new*", "lib\\mysql\\src\\testsuite\\simple\\ReadOnlyCallableStatementTest.java": "*new*", "images\\fanpage\\NBA_TV.png": "*new*", "lib\\mysql\\src\\com\\mysql\\jdbc\\exceptions\\MySQLTransactionRollbackException.java": "*new*", "lib\\mysql\\src\\testsuite\\fabric\\TestResultSetParser.java": "*new*", "lib\\mysql\\src\\com\\mysql\\jdbc\\jdbc2\\optional\\JDBC4MysqlXAConnection.java": "*new*", "lib\\mysql\\src\\com\\mysql\\jdbc\\jmx\\ReplicationGroupManager.java": "*new*", "lib\\mysql\\src\\com\\mysql\\jdbc\\configs\\fullDebug.properties": "*new*", "lib\\mysql\\src\\com\\mysql\\fabric\\proto\\xmlrpc\\XmlRpcMethodCaller.java": "*new*", "lib\\mysql\\src\\doc\\sources\\pom.xml": "*new*", "lib\\mysql\\src\\testsuite\\simple\\CharsetTest.java": "*new*", "trash-images\\postArrow-1.png": "*new*", "lib\\mysql\\src\\com\\mysql\\jdbc\\CommunicationsException.java": "*new*", "lib\\mysql\\src\\com\\mysql\\jdbc\\jdbc2\\optional\\MysqlXid.java": "*new*", "lib\\mysql\\src\\testsuite\\regression\\StringRegressionTest.java": "*new*", "lib\\mysql\\README": "*new*", "lib\\mysql\\src\\com\\mysql\\jdbc\\exceptions\\jdbc4\\MySQLTimeoutException.java": "*new*", "lib\\mysql\\src\\com\\mysql\\jdbc\\MySQLConnection.java": "*new*", "lib\\mysql\\src\\com\\mysql\\jdbc\\Buffer.java": "*new*", "images\\comments.png": "*new*", "trash-images\\1468843366838.png": "*new*", "trash-images\\findFriends.png": "*new*", "lib\\mysql\\src\\com\\mysql\\jdbc\\exceptions\\jdbc4\\CommunicationsException.java": "*new*", "lib\\mysql\\src\\com\\mysql\\jdbc\\jdbc2\\optional\\JDBC4CallableStatementWrapper.java": "*new*", "lib\\mysql\\src\\com\\mysql\\jdbc\\util\\ErrorMappingsDocGenerator.java": "*new*", "lib\\mysql\\src\\com\\mysql\\jdbc\\PerConnectionLRUFactory.java": "*new*", "lib\\mysql\\src\\com\\mysql\\fabric\\xmlrpc\\Client.java": "*new*", "images\\fanpage\\NBC_News_World.png": "*new*", "globalvariable.py": "*new*", "html\\fb.html": "*new*", "images\\seeMore.png": "*new*", "lib\\mysql\\src\\com\\mysql\\jdbc\\ConnectionPropertiesImpl.java": "*new*", "lib\\mysql\\src\\testsuite\\simple\\ServerControllerTest.java": "*new*", "lib\\mysql\\src\\com\\mysql\\jdbc\\util\\VersionFSHierarchyMaker.java": "*new*", "trash-images\\1465396024578.png": "*new*", "images\\logoutmenu.png": "*new*", "lib\\mysql\\src\\com\\mysql\\jdbc\\MiniAdmin.java": "*new*", "lib\\mysql\\src\\testsuite\\simple\\jdbc42\\ConnectionTest.java": "*new*", "trash-images\\1465916633159.png": "*new*", "lib\\mysql\\src\\com\\mysql\\jdbc\\JDBC4UpdatableResultSet.java": "*new*", "images\\fanpage\\HYPEBEAST.png": "*new*", "images\\viralnova.png": "*new*", "images\\fanpage\\Buzzfeed_Celeb.png": "*new*", "images\\passwordTextbox.png": "*new*", "lib\\mysql\\src\\com\\mysql\\jdbc\\SequentialBalanceStrategy.java": "*new*", "images\\fanpage\\Ellen_Degeneres.png": "*new*", "images\\Firefox\\shareLinkButton.png": "*new*", "lib\\mysql\\src\\com\\mysql\\jdbc\\JDBC42Helper.java": "*new*", "lib\\mysql\\src\\com\\mysql\\jdbc\\ReplicationConnection.java": "*new*", "lib\\mysql\\src\\com\\mysql\\fabric\\ServerRole.java": "*new*", "lib\\mysql\\src\\testsuite\\regression\\SubqueriesRegressionTest.java": "*new*", "images\\fanpage\\Fox_and_Friends.png": "*new*", "images\\Firefox\\write-comment.png": "*new*", "functions.py": "*new*", "images\\fanPageNoDisplay.png": "*new*", "functions.html": "*new*", "images\\fanpage\\Top_Vines.png": "*new*", "lib\\mysql\\src\\com\\mysql\\fabric\\ServerMode.java": "*new*", "lib\\mysql\\src\\com\\mysql\\jdbc\\Driver.java": "*new*", "lib\\mysql\\src\\testsuite\\fabric\\jdbc\\TestBasicConnection.java": "*new*", "lib\\mysql\\src\\com\\mysql\\jdbc\\jmx\\ReplicationGroupManagerMBean.java": "*new*", "lib\\mysql\\src\\com\\mysql\\jdbc\\MysqlSavepoint.java": "*new*", "trash-images\\1465612109859.png": "*new*", "lib\\mysql\\src\\com\\mysql\\fabric\\xmlrpc\\base\\MethodCall.java": "*new*", "lib\\mysql\\src\\com\\mysql\\jdbc\\jdbc2\\optional\\MysqlDataSourceFactory.java": "*new*", "lib\\mysql\\src\\com\\mysql\\jdbc\\ReflectiveStatementInterceptorAdapter.java": "*new*", "lib\\mysql\\src\\com\\mysql\\jdbc\\ResultSetRow.java": "*new*", "images\\fanpage\\Worldstar_Hip_Hop.png": "*new*", "images\\trendingArrow.png": "*new*", "lib\\mysql\\src\\com\\mysql\\jdbc\\Wrapper.java": "*new*", "lib\\mysql\\src\\com\\mysql\\jdbc\\StandardLoadBalanceExceptionChecker.java": "*new*", "images\\fanpage\\Yahoo_Sports.png": "*new*", "trash-images\\1466520236536.png": "*new*", "lib\\mysql\\src\\com\\mysql\\jdbc\\ResultSetImpl.java": "*new*", "images\\fanpage\\Seventeen.png": "*new*", "lib\\mysql\\src\\com\\mysql\\jdbc\\TimeZoneMapping.properties": "*new*", "trash-images\\postArrow.png": "*new*", "images\\Firefox\\passwordTextbox2.png": "*new*", "images\\techcrunch.png": "*new*", "lib\\mysql\\src\\testsuite\\perf\\BasePerfTest.java": "*new*", "lib\\mysql\\src\\com\\mysql\\jdbc\\JDBC42ServerPreparedStatement.java": "*new*", "images\\fanpage\\SportsNation.png": "*new*", "images\\fanpage\\Unified_Soul_Theory.png": "*new*", "lib\\mysql\\src\\com\\mysql\\jdbc\\AssertionFailedException.java": "*new*", "images\\fanpage\\Go_Animals.png": "*new*", "images\\fanpage\\CNN.png": "*new*", "lib\\mysql\\src\\com\\mysql\\jdbc\\exceptions\\MySQLDataException.java": "*new*", "trash-images\\1466013558951.png": "*new*", "trash-images\\fanPageLikeButton.png": "*new*", "lib\\mysql\\src\\testsuite\\simple\\NumbersTest.java": "*new*", "lib\\mysql\\src\\com\\mysql\\fabric\\jdbc\\FabricMySQLDriver.java": "*new*", "lib\\mysql\\src\\com\\mysql\\jdbc\\profiler\\ProfilerEventHandler.java": "*new*", "lib\\mysql\\src\\com\\mysql\\jdbc\\exceptions\\jdbc4\\MySQLIntegrityConstraintViolationException.java": "*new*", "lib\\mysql\\src\\testsuite\\ssl-test-certs\\server-cert.pem": "*new*", "lib\\mysql\\src\\com\\mysql\\jdbc\\BufferRow.java": "*new*", "lib\\mysql\\src\\testsuite\\fabric\\jdbc\\TestFabricMySQLConnectionSharding.java": "*new*", "images\\fanpage\\Business_Insider.png": "*new*", "lib\\mysql\\src\\com\\mysql\\jdbc\\WatchableOutputStream.java": "*new*", "lib\\mysql\\src\\com\\mysql\\jdbc\\jdbc2\\optional\\MysqlConnectionPoolDataSource.java": "*new*", "lib\\mysql\\src\\com\\mysql\\fabric\\proto\\xmlrpc\\AuthenticatedXmlRpcMethodCaller.java": "*new*", "settings.json": "*new*", "images\\fanpage\\ATTN.png": "*new*", "images\\Firefox\\loginFbLogo.png": "*new*", "lib\\mysql\\src\\testsuite\\ssl-test-certs\\server-key.pem": "*new*", "images\\Firefox\\notif.png": "*new*", "trash-images\\1465710718171.png": "*new*", "lib\\mysql\\src\\com\\mysql\\jdbc\\jdbc2\\optional\\JDBC4StatementWrapper.java": "*new*", "lib\\mysql\\src\\com\\mysql\\jdbc\\DatabaseMetaDataUsingInfoSchema.java": "*new*", "lib\\mysql\\src\\com\\mysql\\jdbc\\util\\BaseBugReport.java": "*new*", "images\\fanpage\\INSIDER_food.png": "*new*", "images\\searchBar.png": "*new*", "images\\fanpage\\Reddit.png": "*new*", "lib\\mysql\\src\\com\\mysql\\jdbc\\StatementImpl.java": "*new*", "trash-images\\1469424154299.png": "*new*", "lib\\mysql\\src\\com\\mysql\\jdbc\\ReplicationConnectionGroupManager.java": "*new*", "lib\\mysql\\src\\com\\mysql\\jdbc\\JDBC4CommentClientInfoProvider.java": "*new*", "trash-images\\1466523187658.png": "*new*", "lib\\mysql\\src\\com\\mysql\\jdbc\\ReplicationConnectionProxy.java": "*new*", "trash-images\\1465711831029.png": "*new*", "lib\\mysql\\src\\com\\mysql\\jdbc\\ServerPreparedStatement.java": "*new*", "lib\\mysql\\src\\testsuite\\BaseTestCase.java": "*new*", "lib\\mysql\\src\\com\\mysql\\fabric\\xmlrpc\\base\\Param.java": "*new*", "lib\\mysql\\src\\com\\mysql\\fabric\\xmlrpc\\base\\Array.java": "*new*", "lib\\mysql\\src\\com\\mysql\\jdbc\\OperationNotSupportedException.java": "*new*", "lib\\mysql\\src\\com\\mysql\\jdbc\\log\\Jdk14Logger.java": "*new*", "trash-images\\1466528860553.png": "*new*", "lib\\mysql\\src\\com\\mysql\\jdbc\\UpdatableResultSet.java": "*new*", "trash-images\\1466012404396.png": "*new*", "images\\Firefox\\emailTextbox2.png": "*new*", "images\\cityChecked.png": "*new*", "images\\fanpage\\Buzzfeed_News.png": "*new*", "lib\\mysql\\src\\lib\\jboss-common-jdbc-wrapper.jar": "*new*", "lib\\mysql\\src\\com\\mysql\\jdbc\\JDBC4DatabaseMetaData.java": "*new*", "trash-images\\1467733542502.png": "*new*", "lib\\mysql\\src\\testsuite\\regression\\StressRegressionTest.java": "*new*", "images\\top-suggestions.png": "*new*", "lib\\mysql\\src\\com\\mysql\\fabric\\HashShardMapping.java": "*new*", "images\\fanpage\\NBA_Memes.png": "*new*", "images\\fanpage\\Sportscenter.png": "*new*", "lib\\mysql\\src\\testsuite\\regression\\jdbc4\\MetaDataRegressionTest.java": "*new*", "images\\fanpage\\Ebaums_World_Animals.png": "*new*", "images\\postArrow.png": "*new*", "lib\\mysql\\src\\com\\mysql\\jdbc\\util\\ServerController.java": "*new*", "lib\\mysql\\src\\com\\mysql\\jdbc\\exceptions\\DeadlockTimeoutRollbackMarker.java": "*new*", "images\\fanpage\\Buzzfeed_Animals.png": "*new*", "images\\shareButton.png": "*new*", "lib\\mysql\\src\\com\\mysql\\jdbc\\exceptions\\MySQLSyntaxErrorException.java": "*new*", "lib\\mysql\\src\\com\\mysql\\fabric\\jdbc\\JDBC4FabricMySQLConnectionProxy.java": "*new*", "trash-images\\1469432208300.png": "*new*", "lib\\mysql\\src\\com\\mysql\\fabric\\xmlrpc\\base\\Value.java": "*new*", "trash-images\\1465914120057.png": "*new*", "lib\\mysql\\src\\com\\mysql\\jdbc\\JDBC4ReplicationMySQLConnection.java": "*new*", "trash-images\\1468818230472.png": "*new*", "images\\fanpage\\APPularity.png": "*new*", "lib\\mysql\\src\\com\\mysql\\jdbc\\log\\Slf4JLogger.java": "*new*", "images\\timeline.png": "*new*", "lib\\mysql\\src\\com\\mysql\\jdbc\\exceptions\\MySQLTransientConnectionException.java": "*new*", "lib\\mysql\\src\\com\\mysql\\jdbc\\jdbc2\\optional\\MysqlXAException.java": "*new*", "trash-images\\1466519568157.png": "*new*", "lib\\mysql\\src\\com\\mysql\\jdbc\\jdbc2\\optional\\WrapperBase.java": "*new*", "lib\\mysql\\src\\testsuite\\regression\\ConnectionRegressionTest.java": "*new*", "lib\\mysql\\src\\com\\mysql\\jdbc\\AuthenticationPlugin.java": "*new*", "trash-images\\emailTextbox-1.png": "*new*", "lib\\mysql\\src\\com\\mysql\\jdbc\\exceptions\\jdbc4\\MySQLQueryInterruptedException.java": "*new*", "lib\\mysql\\src\\com\\mysql\\jdbc\\StatementInterceptorV2.java": "*new*", "images\\fanpage\\Bro_Science.png": "*new*", "images\\yourPage.png": "*new*", "lib\\mysql\\src\\testsuite\\simple\\ResultSetTest.java": "*new*", "images\\fanpage\\MrTechnicalDifficult.png": "*new*", "images\\Home.png": "*new*", "lib\\mysql\\src\\demo\\fabric\\HibernateFabric.java": "*new*", "images\\aboutClose2.png": "*new*", "lib\\mysql\\src\\testsuite\\simple\\TraversalTest.java": "*new*", "images\\fanpage\\The_Young_Turks.png": "*new*", "images\\fanpage\\Buzzfeed_LGBT.png": "*new*", "lib\\mysql\\src\\com\\mysql\\jdbc\\util\\TimezoneDump.java": "*new*", "trash-images\\1468818644992.png": "*new*", "lib\\mysql\\src\\com\\mysql\\jdbc\\ReplicationDriver.java": "*new*", "images\\mashable.png": "*new*", "lib\\mysql\\src\\com\\mysql\\jdbc\\EscapeTokenizer.java": "*new*", "lib\\mysql\\src\\com\\mysql\\jdbc\\JDBC4MultiHostMySQLConnection.java": "*new*", "lib\\mysql\\src\\com\\mysql\\fabric\\proto\\xmlrpc\\XmlRpcClient.java": "*new*", "images\\developerMode.png": "*new*", "functions.pyc": "*new*", "images\\fanpage\\Smosh.png": "*new*", "images\\Firefox\\likeComments.png": "*new*", "images\\notifAlert.png": "*new*", "images\\about.png": "*new*", "images\\fanPageLikeButton-bak.png": "*new*", "lib\\mysql\\src\\com\\mysql\\fabric\\xmlrpc\\exceptions\\MySQLFabricException.java": "*new*", "lib\\mysql\\src\\com\\mysql\\jdbc\\MultiHostConnectionProxy.java": "*new*", "lib\\mysql\\src\\com\\mysql\\jdbc\\JDBC4CallableStatement.java": "*new*", "images\\blueAlertClosedButton.png": "*new*", "lib\\mysql\\src\\com\\mysql\\jdbc\\LocalizedErrorMessages.properties": "*new*", "readme.txt": "*new*", "images\\endResult.png": "*new*", "images\\fanpage\\NFL.png": "*new*", "images\\reload.png": "*new*", "lib\\mysql\\src\\com\\mysql\\fabric\\proto\\xmlrpc\\DigestAuthentication.java": "*new*", "lib\\mysql\\src\\com\\mysql\\jdbc\\NonRegisteringDriver.java": "*new*", "images\\Firefox\\viewMoreComments.png": "*new*", "images\\fanpage\\The_Kicker.png": "*new*", "images\\Firefox\\comments.png": "*new*", "lib\\mysql\\src\\com\\mysql\\jdbc\\Util.java": "*new*", "lib\\mysql\\README.txt": "*new*", "lib\\mysql\\src\\com\\mysql\\jdbc\\integration\\jboss\\MysqlValidConnectionChecker.java": "*new*", "trash-images\\hidePost.png": "*new*", "lib\\mysql\\src\\testsuite\\fabric\\jdbc\\TestHashSharding.java": "*new*", "lib\\mysql\\src\\com\\mysql\\jdbc\\NdbLoadBalanceExceptionChecker.java": "*new*", "fb.html": "*new*", "images\\fanpage\\The_LAD_Bible.png": "*new*", "lib\\mysql\\src\\com\\mysql\\jdbc\\MysqlParameterMetadata.java": "*new*", "images\\fanpage\\Tasty.png": "*new*", "lib\\mysql\\src\\com\\mysql\\jdbc\\Charsets.properties": "*new*", "lib\\mysql\\src\\com\\mysql\\jdbc\\JDBC42CallableStatement.java": "*new*", "lib\\mysql\\src\\testsuite\\ssl-test-certs\\mykey.pub": "*new*", "images\\fanpage\\TODBY.png": "*new*", "trash-images\\1465711034516.png": "*new*", "trash-images\\1466085818258.png": "*new*", "trash-images\\search.png": "*new*", "lib\\mysql\\src\\com\\mysql\\jdbc\\NonRegisteringReplicationDriver.java": "*new*", "lib\\mysql\\src\\com\\mysql\\fabric\\ShardingType.java": "*new*", "lib\\mysql\\src\\com\\mysql\\jdbc\\jdbc2\\optional\\PreparedStatementWrapper.java": "*new*", "lib\\mysql\\src\\testsuite\\simple\\ConnectionTest.java": "*new*", "images\\hidePost.png": "*new*", "trash-images\\1467043196365.png": "*new*", "lib\\mysql\\src\\com\\mysql\\jdbc\\log\\NullLogger.java": "*new*", "lib\\mysql\\src\\com\\mysql\\jdbc\\ConnectionGroup.java": "*new*", "lib\\mysql\\src\\com\\mysql\\jdbc\\LoadBalanceExceptionChecker.java": "*new*", "trash-images\\logoutmenu.png": "*new*", "lib\\mysql\\src\\demo\\fabric\\resources\\com\\mysql\\fabric\\demo\\employee.hbm.xml": "*new*", "images\\fanpage\\The_Content_Zone.png": "*new*", "lib\\mysql\\src\\com\\mysql\\jdbc\\jdbc2\\optional\\JDBC4ConnectionWrapper.java": "*new*", "lib\\mysql\\src\\com\\mysql\\jdbc\\jdbc2\\optional\\MysqlDataSource.java": "*new*", "trash-images\\loginLogo-2.png": "*new*", "images\\fanpage\\Funny_or_Die.png": "*new*", "lib\\mysql\\src\\testsuite\\regression\\jdbc4\\ConnectionRegressionTest.java": "*new*", "lib\\mysql\\src\\com\\mysql\\jdbc\\exceptions\\MySQLNonTransientConnectionException.java": "*new*", "lib\\mysql\\src\\com\\mysql\\jdbc\\BlobFromLocator.java": "*new*", "lib\\mysql\\src\\com\\mysql\\jdbc\\JDBC42UpdatableResultSet.java": "*new*", "lib\\mysql\\src\\testsuite\\simple\\TestBug57662Logger.java": "*new*", "images\\fanpage\\Girl_Code.png": "*new*", "lib\\mysql\\src\\com\\mysql\\jdbc\\NamedPipeSocketFactory.java": "*new*", "csv\\comments.csv": "*new*", "images\\currentLike.png": "*new*", "images\\currentCity.png": "*new*", "lib\\mysql\\src\\testsuite\\regression\\jdbc4\\StatementRegressionTest.java": "*new*", "images\\likepages.png": "*new*", "trash-images\\searchBar-1.png": "*new*", "images\\fanpage\\Cracked.png": "*new*", "images\\fanpage\\Shit_You_Wont_Believe.png": "*new*", "lib\\mysql\\src\\com\\mysql\\jdbc\\util\\PropertiesDocGenerator.java": "*new*", "lib\\mysql\\src\\com\\mysql\\jdbc\\exceptions\\jdbc4\\MySQLDataException.java": "*new*", "lib\\mysql\\src\\com\\mysql\\jdbc\\log\\Log.java": "*new*", "lib\\mysql\\src\\com\\mysql\\jdbc\\SingleByteCharsetConverter.java": "*new*", "trash-images\\1467733067143.png": "*new*", "lib\\mysql\\src\\testsuite\\ssl-test-certs\\test-cert-store": "*new*", "images\\sharePopup.png": "*new*", "lib\\mysql\\src\\com\\mysql\\jdbc\\jdbc2\\optional\\SuspendableXAConnection.java": "*new*", "lib\\mysql\\src\\testsuite\\simple\\MiniAdminTest.java": "*new*", "html\\functions.html": "*new*", "lib\\mysql\\src\\com\\mysql\\jdbc\\JDBC4MySQLConnection.java": "*new*", "lib\\mysql\\src\\com\\mysql\\jdbc\\jdbc2\\optional\\JDBC42PreparedStatementWrapper.java": "*new*", "images\\writestatus.png": "*new*", "lib\\mysql\\build.xml": "*new*", "images\\fanpage\\Fronzilla.png": "*new*", "functions$py.class": "*new*", "lib\\mysql\\src\\com\\mysql\\jdbc\\ConnectionProperties.java": "*new*", "trash-images\\1466524324664.png": "*new*", "trash-images\\1466013103306.png": "*new*", "trash-images\\1469443879658.png": "*new*", "lib\\mysql\\src\\com\\mysql\\jdbc\\authentication\\MysqlNativePasswordPlugin.java": "*new*", "trash-images\\1466612150782.png": "*new*", "lib\\mysql\\src\\com\\mysql\\jdbc\\ConnectionFeatureNotAvailableException.java": "*new*", "trash-images\\1466526202920.png": "*new*", "lib\\mysql\\src\\testsuite\\simple\\StringUtilsTest.java": "*new*", "lib\\mysql\\src\\com\\mysql\\fabric\\ServerGroup.java": "*new*", "lib\\mysql\\src\\testsuite\\fabric\\BaseFabricTestCase.java": "*new*", "trash-images\\about.png": "*new*", "images\\pagesFeed.png": "*new*", "images\\Firefox\\sharePopup.png": "*new*", "lib\\mysql\\src\\com\\mysql\\fabric\\jdbc\\FabricMySQLDataSource.java": "*new*", "trash-images\\1466526449468.png": "*new*", "trash-images\\likeButton.png": "*new*", "lib\\mysql\\src\\com\\mysql\\jdbc\\EscapeProcessorResult.java": "*new*", "lib\\mysql\\src\\com\\mysql\\fabric\\ShardTable.java": "*new*", "lib\\mysql\\src\\com\\mysql\\jdbc\\CallableStatement.java": "*new*", "lib\\mysql\\src\\testsuite\\simple\\SSLTest.java": "*new*", "images\\fanpage\\Humans_of_New_York.png": "*new*", "lib\\mysql\\src\\com\\mysql\\jdbc\\authentication\\Sha256PasswordPlugin.java": "*new*", "trash-images\\pagesLikeButton.png": "*new*", "lib\\mysql\\src\\com\\mysql\\jdbc\\Extension.java": "*new*", "fb.py": "*new*", "images\\fanpage\\ClickHole.png": "*new*", "lib\\mysql\\src\\testsuite\\simple\\BlobTest.java": "*new*", "lib\\mysql\\src\\com\\mysql\\jdbc\\exceptions\\MySQLTransientException.java": "*new*", "trash-images\\1466518852411.png": "*new*", "trash-images\\sports.png": "*new*", "lib\\mysql\\src\\com\\mysql\\jdbc\\ConnectionGroupManager.java": "*new*", "lib\\mysql\\src\\testsuite\\simple\\DataSourceTest.java": "*new*", "lib\\mysql\\src\\com\\mysql\\jdbc\\ResultSetMetaData.java": "*new*", "images\\fanpage\\Digg.png": "*new*", "images\\fanpage\\Gawker.png": "*new*", "lib\\mysql\\src\\com\\mysql\\jdbc\\configs\\5-0-Compat.properties": "*new*", "images\\fanpage\\The_Onion.png": "*new*", "images\\fanpage\\Ballislife_Its_a_Movement.png": "*new*", "lib\\mysql\\src\\com\\mysql\\jdbc\\MysqlDataTruncation.java": "*new*", "trash-images\\1467733566189.png": "*new*", "lib\\mysql\\src\\testsuite\\simple\\jdbc4\\StatementsTest.java": "*new*", "lib\\mysql\\src\\testsuite\\regression\\PooledConnectionRegressionTest.java": "*new*", "images\\search.png": "*new*", "images\\fanpage\\Sports_Illustrated.png": "*new*", "trash-images\\1466524084410.png": "*new*", "trash-images\\1466525331656.png": "*new*", "images\\pagesLikeButton.png": "*new*", "lib\\mysql\\src\\com\\mysql\\fabric\\ShardIndex.java": "*new*", "lib\\mysql\\src\\testsuite\\regression\\ResultSetRegressionTest.java": "*new*", "images\\fanpage\\Memes.png": "*new*", "images\\fanpage\\Fuckjerry.png": "*new*", "trash-images\\1465396931414.png": "*new*", "lib\\mysql\\src\\com\\mysql\\jdbc\\CacheAdapter.java": "*new*", "lib\\mysql\\src\\testsuite\\regression\\CachedRowsetTest.java": "*new*", "trash-images\\approvedPage-1.png": "*new*", "trash-images\\1467042192380.png": "*new*", "lib\\mysql\\src\\com\\mysql\\fabric\\xmlrpc\\base\\Data.java": "*new*", "puller$py.class": "*new*", "lib\\mysql\\src\\com\\mysql\\jdbc\\jdbc2\\optional\\MysqlPooledConnection.java": "*new*", "images\\fanpage\\Basketball_Forever.png": "*new*", "trash-images\\loginLogo.png": "*new*", "lib\\mysql\\src\\testsuite\\regression\\MicroPerformanceRegressionTest.java": "*new*", "lib\\mysql\\src\\demo\\fabric\\Client1_Fabric.java": "*new*", "lib\\mysql\\src\\com\\mysql\\jdbc\\log\\LogUtils.java": "*new*", "trash-images\\1466616797041.png": "*new*", "lib\\mysql\\src\\testsuite\\UnreliableSocketFactory.java": "*new*", "images\\fanpage\\Distractify.png": "*new*", "images\\fanpage\\Azcentral.png": "*new*", "images\\fanpage\\UNILAD.png": "*new*", "images\\fanpage\\Earth_Pix.png": "*new*", "lib\\mysql\\src\\testsuite\\fabric\\jdbc\\TestHABasics.java": "*new*", "lib\\mysql\\src\\testsuite\\fabric\\TestXmlRpcCore.java": "*new*", "lib\\mysql\\src\\com\\mysql\\jdbc\\authentication\\MysqlClearPasswordPlugin.java": "*new*", "images\\fanpage\\io9.png": "*new*", "lib\\mysql\\src\\com\\mysql\\jdbc\\exceptions\\jdbc4\\MySQLSyntaxErrorException.java": "*new*", "lib\\mysql\\src\\com\\mysql\\jdbc\\configs\\3-0-Compat.properties": "*new*", "lib\\mysql\\src\\com\\mysql\\jdbc\\authentication\\MysqlOldPasswordPlugin.java": "*new*", "images\\fanpage\\NBA.png": "*new*", "globalvariable.html": "*new*", "images\\fanpage\\viralnova.png": "*new*", "lib\\mysql\\src\\testsuite\\fabric\\TestShardMapping.java": "*new*", "lib\\mysql\\src\\com\\mysql\\jdbc\\CharsetMapping.java": "*new*", "images\\fanpage\\NowThis.png": "*new*", "lib\\mysql\\src\\testsuite\\fabric\\TestAdminCommands.java": "*new*", "images\\cityCheckbox.png": "*new*", "lib\\mysql\\src\\com\\mysql\\jdbc\\exceptions\\jdbc4\\MySQLNonTransientConnectionException.java": "*new*", "images\\likeButton.png": "*new*", "lib\\mysql\\src\\com\\mysql\\fabric\\xmlrpc\\base\\Params.java": "*new*", "lib\\mysql\\src\\com\\mysql\\fabric\\FabricCommunicationException.java": "*new*", "images\\Firefox\\loginButton.png": "*new*", "lib\\mysql\\src\\com\\mysql\\jdbc\\FailoverConnectionProxy.java": "*new*", "trash-images\\addFriend.png": "*new*", "lib\\mysql\\src\\com\\mysql\\jdbc\\MysqlDefs.java": "*new*", "images\\fanpage\\NowThis_Future.png": "*new*", "lib\\mysql\\src\\com\\mysql\\jdbc\\PacketTooBigException.java": "*new*", "html\\globalvariable.html": "*new*", "lib\\mysql\\src\\com\\mysql\\jdbc\\profiler\\LoggingProfilerEventHandler.java": "*new*", "trash-images\\1465914347297.png": "*new*", "lib\\mysql\\src\\com\\mysql\\jdbc\\configs\\maxPerformance.properties": "*new*", "lib\\mysql\\src\\testsuite\\simple\\DateTest.java": "*new*", "images\\fanpage\\The_Dodo.png": "*new*", "trash-images\\postButton.png": "*new*", "trash-images\\1466519046706.png": "*new*", "images\\emailTextbox2.png": "*new*", "lib\\mysql\\src\\com\\mysql\\jdbc\\StatementInterceptor.java": "*new*", "trash-images\\1467733054454.png": "*new*", "images\\postButton.png": "*new*", "images\\sharepost-closed.png": "*new*", "lib\\mysql\\src\\testsuite\\regression\\NumbersRegressionTest.java": "*new*", "lib\\mysql\\src\\com\\mysql\\jdbc\\util\\ReadAheadInputStream.java": "*new*", "images\\fanpage\\BrightVibes.png": "*new*", "images\\friendConfirm.png": "*new*", "lib\\mysql\\src\\com\\mysql\\jdbc\\NetworkResources.java": "*new*", "lib\\mysql\\src\\com\\mysql\\jdbc\\exceptions\\MySQLInvalidAuthorizationSpecException.java": "*new*", "lib\\mysql\\src\\com\\mysql\\jdbc\\ConnectionImpl.java": "*new*", "images\\Firefox\\likeButton.png": "*new*", "images\\fanpage\\ESPN.png": "*new*", "lib\\mysql\\src\\com\\mysql\\jdbc\\exceptions\\jdbc4\\MySQLInvalidAuthorizationSpecException.java": "*new*", "trash-images\\1469421361427.png": "*new*", "trash-images\\shareButton.png": "*new*", "lib\\mysql\\src\\com\\mysql\\jdbc\\exceptions\\jdbc4\\MySQLTransactionRollbackException.java": "*new*", "lib\\mysql\\src\\com\\mysql\\jdbc\\Field.java": "*new*", "images\\fanpage\\Fox_13_News.png": "*new*", "trash-images\\1467735868956.png": "*new*", "trash-images\\1467214296969.png": "*new*", "images\\buzzFeed.png": "*new*", "images\\fanPageLikeButton.png": "*new*", "lib\\mysql\\src\\com\\mysql\\jdbc\\configs\\clusterBase.properties": "*new*", "lib\\mysql\\src\\com\\mysql\\jdbc\\WatchableWriter.java": "*new*", "images\\fanpage\\A_Different_Type_of_Art.png": "*new*", "trash-images\\1465713188410.png": "*new*", "images\\fanpage\\VICELAND.png": "*new*", "lib\\mysql\\src\\com\\mysql\\jdbc\\RowData.java": "*new*", "lib\\mysql\\src\\testsuite\\regression\\SyntaxRegressionTest.java": "*new*", "lib\\mysql\\src\\com\\mysql\\jdbc\\ReplicationMySQLConnection.java": "*new*", "lib\\mysql\\src\\testsuite\\simple\\UpdatabilityTest.java": "*new*", "images\\fanpage\\Los_Angeles_Times.png": "*new*", "images\\fanpage\\Love_What_Matters.png": "*new*", "lib\\mysql\\docs\\connector-j.pdf": "*new*", "lib\\mysql\\src\\testsuite\\perf\\LoadStorePerfTest.java": "*new*", "lib\\mysql\\src\\com\\mysql\\jdbc\\StringUtils.java": "*new*", "trash-images\\1469425481243.png": "*new*", "lib\\mysql\\src\\com\\mysql\\jdbc\\JDBC42PreparedStatement.java": "*new*", "lib\\mysql\\src\\com\\mysql\\jdbc\\exceptions\\jdbc4\\MySQLTransientException.java": "*new*", "lib\\mysql\\src\\com\\mysql\\jdbc\\SQLError.java": "*new*", "lib\\mysql\\src\\com\\mysql\\fabric\\ShardMapping.java": "*new*", "trash-images\\1467211839994.png": "*new*", "trash-images\\emailTextbox.png": "*new*", "lib\\mysql\\src\\com\\mysql\\jdbc\\TimeUtil.java": "*new*", "lib\\mysql\\src\\com\\mysql\\jdbc\\configs\\solarisMaxPerformance.properties": "*new*", "lib\\mysql\\src\\com\\mysql\\jdbc\\SocketMetadata.java": "*new*", "lib\\mysql\\src\\com\\mysql\\jdbc\\StreamingNotifiable.java": "*new*", "lib\\mysql\\src\\com\\mysql\\jdbc\\SocketFactory.java": "*new*", "trash-images\\1468814299560.png": "*new*", "lib\\mysql\\src\\com\\mysql\\jdbc\\LoadBalancedMySQLConnection.java": "*new*", "lib\\mysql\\src\\testsuite\\fabric\\TestDumpCommands.java": "*new*", "trash-images\\1465914271676.png": "*new*", "lib\\mysql\\src\\testsuite\\fabric\\jdbc\\TestRegressions.java": "*new*", "lib\\mysql\\src\\com\\mysql\\fabric\\xmlrpc\\base\\Fault.java": "*new*", "images\\addFriend.png": "*new*", "lib\\mysql\\src\\com\\mysql\\jdbc\\exceptions\\jdbc4\\MySQLTransientConnectionException.java": "*new*", "trash-images\\1467041040108.png": "*new*", "trash-images\\searchBar.png": "*new*", "lib\\mysql\\src\\com\\mysql\\jdbc\\PreparedStatement.java": "*new*", "trash-images\\1469421464091.png": "*new*", "lib\\mysql\\src\\com\\mysql\\jdbc\\MysqlErrorNumbers.java": "*new*", "lib\\mysql\\src\\demo\\fabric\\EmployeesJdbc.java": "*new*", "images\\fanpage\\NoWThis_Election.png": "*new*", "csv\\post.csv": "*new*", "images\\fanpage\\Buzzfeed_Food.png": "*new*"}}